Filename,Dimension Duplicate,Dimension Original
ISIC_0014805.jpg,"(6661, 4461)","(6661, 4461)"
ISIC_0000132.jpg,"(2048, 1536)","(2048, 1536)"
ISIC_0013500.jpg,"(3872, 2592)","(3872, 2592)"
ISIC_0004166.jpg,"(4288, 2848)","(4288, 2848)"
ISIC_0000341.jpg,"(767, 576)","(767, 576)"
ISIC_0013341.jpg,"(4288, 2848)","(4288, 2848)"
ISIC_0013249.jpg,"(3872, 2592)","(3872, 2592)"
ISIC_0013713.jpg,"(4288, 2848)","(4288, 2848)"
ISIC_0000292.jpg,"(1024, 768)","(1024, 768)"
ISIC_0014507.jpg,"(4288, 2848)","(4288, 2848)"
ISIC_0012696.jpg,"(3008, 2000)","(3008, 2000)"
ISIC_0000078.jpg,"(1504, 1129)","(1504, 1129)"
ISIC_0008626.jpg,"(4288, 2848)","(4288, 2848)"
ISIC_0009958.jpg,"(1024, 768)","(1024, 768)"
ISIC_0000133.jpg,"(2048, 1536)","(2048, 1536)"
ISIC_0010215.jpg,"(1024, 768)","(1024, 768)"
ISIC_0012550.jpg,"(4288, 2848)","(4288, 2848)"
ISIC_0011227.jpg,"(1024, 768)","(1024, 768)"
ISIC_0000052.jpg,"(1504, 1129)","(1504, 1129)"
ISIC_0013747.jpg,"(4288, 2848)","(4288, 2848)"
ISIC_0013438.jpg,"(4288, 2848)","(4288, 2848)"
ISIC_0010444.jpg,"(1024, 768)","(1024, 768)"
ISIC_0012670.jpg,"(3008, 2000)","(3008, 2000)"
ISIC_0011321.jpg,"(1024, 768)","(1024, 768)"
ISIC_0000506.jpg,"(919, 802)","(919, 802)"
ISIC_0008807.jpg,"(4288, 2848)","(4288, 2848)"
ISIC_0012478.jpg,"(4288, 2848)","(4288, 2848)"
ISIC_0014299.jpg,"(4288, 2848)","(4288, 2848)"
ISIC_0012685.jpg,"(3008, 2000)","(3008, 2000)"
ISIC_0013000.jpg,"(3872, 2592)","(3872, 2592)"
ISIC_0012445.jpg,"(4288, 2848)","(4288, 2848)"
ISIC_0000288.jpg,"(1024, 768)","(1024, 768)"
ISIC_0012840.jpg,"(3872, 2592)","(3872, 2592)"
ISIC_0013394.jpg,"(4288, 2848)","(4288, 2848)"
ISIC_0014641.jpg,"(2592, 1936)","(2592, 1936)"
ISIC_0012742.jpg,"(3008, 2000)","(3008, 2000)"
ISIC_0002439.jpg,"(3024, 2016)","(3024, 2016)"
ISIC_0014571.jpg,"(2592, 1936)","(2592, 1936)"
ISIC_0012150.jpg,"(3008, 2000)","(3008, 2000)"
ISIC_0013238.jpg,"(3872, 2592)","(3872, 2592)"
ISIC_0010364.jpg,"(1024, 768)","(1024, 768)"
ISIC_0000029.jpg,"(1504, 1129)","(1504, 1129)"
ISIC_0013233.jpg,"(3008, 2000)","(3008, 2000)"
ISIC_0012148.jpg,"(3008, 2000)","(3008, 2000)"
ISIC_0010571.jpg,"(1024, 768)","(1024, 768)"
ISIC_0000369.jpg,"(767, 576)","(767, 576)"
ISIC_0006114.jpg,"(3024, 2016)","(3024, 2016)"
ISIC_0000419.jpg,"(3072, 2304)","(3072, 2304)"
ISIC_0012521.jpg,"(4288, 2848)","(4288, 2848)"
ISIC_0000307.jpg,"(767, 576)","(767, 576)"
ISIC_0013486.jpg,"(2304, 1536)","(2304, 1536)"
ISIC_0014843.jpg,"(6642, 4421)","(6642, 4421)"
ISIC_0000022.jpg,"(1504, 1129)","(1504, 1129)"
ISIC_0012512.jpg,"(4288, 2848)","(4288, 2848)"
ISIC_0012338.jpg,"(3008, 2000)","(3008, 2000)"
ISIC_0014502.jpg,"(4288, 2848)","(4288, 2848)"
ISIC_0000458.jpg,"(919, 802)","(919, 802)"
ISIC_0000549.jpg,"(824, 719)","(824, 719)"
ISIC_0013805.jpg,"(4288, 2848)","(4288, 2848)"
ISIC_0015079.jpg,"(6621, 4401)","(6621, 4401)"
ISIC_0014337.jpg,"(4288, 2848)","(4288, 2848)"
ISIC_0000243.jpg,"(576, 768)","(576, 768)"
ISIC_0010236.jpg,"(1024, 768)","(1024, 768)"
ISIC_0014475.jpg,"(4288, 2848)","(4288, 2848)"
ISIC_0012320.jpg,"(3008, 2000)","(3008, 2000)"
ISIC_0012666.jpg,"(3008, 2000)","(3008, 2000)"
ISIC_0013721.jpg,"(3008, 2000)","(3008, 2000)"
ISIC_0010191.jpg,"(1024, 768)","(1024, 768)"
ISIC_0014473.jpg,"(4288, 2848)","(4288, 2848)"
ISIC_0013835.jpg,"(4288, 2848)","(4288, 2848)"
ISIC_0014585.jpg,"(5184, 3456)","(5184, 3456)"
ISIC_0011121.jpg,"(1024, 768)","(1024, 768)"
ISIC_0013397.jpg,"(4288, 2848)","(4288, 2848)"
ISIC_0011225.jpg,"(1024, 768)","(1024, 768)"
ISIC_0014605.jpg,"(2592, 1936)","(2592, 1936)"
ISIC_0010584.jpg,"(1024, 768)","(1024, 768)"
ISIC_0013052.jpg,"(3008, 2000)","(3008, 2000)"
ISIC_0000140.jpg,"(2816, 2112)","(2816, 2112)"
ISIC_0014724.jpg,"(6582, 4382)","(6582, 4382)"
ISIC_0012469.jpg,"(4288, 2848)","(4288, 2848)"
ISIC_0000448.jpg,"(3072, 2304)","(3072, 2304)"
ISIC_0001103.jpg,"(3872, 2592)","(3872, 2592)"
ISIC_0011366.jpg,"(1024, 768)","(1024, 768)"
ISIC_0014187.jpg,"(4288, 2848)","(4288, 2848)"
ISIC_0013220.jpg,"(3008, 2000)","(3008, 2000)"
ISIC_0012800.jpg,"(3008, 2000)","(3008, 2000)"
ISIC_0009968.jpg,"(1024, 768)","(1024, 768)"
ISIC_0012806.jpg,"(3872, 2592)","(3872, 2592)"
ISIC_0012397.jpg,"(4288, 2848)","(4288, 2848)"
ISIC_0012888.jpg,"(3008, 2000)","(3008, 2000)"
ISIC_0001128.jpg,"(3072, 2304)","(3072, 2304)"
ISIC_0000172.jpg,"(962, 674)","(962, 674)"
ISIC_0012384.jpg,"(4288, 2848)","(4288, 2848)"
ISIC_0013167.jpg,"(3872, 2592)","(3872, 2592)"
ISIC_0012891.jpg,"(3008, 2000)","(3008, 2000)"
ISIC_0011140.jpg,"(1024, 768)","(1024, 768)"
ISIC_0013047.jpg,"(3008, 2000)","(3008, 2000)"
ISIC_0002246.jpg,"(3024, 2016)","(3024, 2016)"
ISIC_0000882.jpg,"(3024, 2016)","(3024, 2016)"
ISIC_0000354.jpg,"(767, 576)","(767, 576)"
ISIC_0000387.jpg,"(3072, 2304)","(3072, 2304)"
ISIC_0014594.jpg,"(2592, 1936)","(2592, 1936)"
ISIC_0013417.jpg,"(4288, 2848)","(4288, 2848)"
ISIC_0013802.jpg,"(3008, 2000)","(3008, 2000)"
ISIC_0013695.jpg,"(4288, 2848)","(4288, 2848)"
ISIC_0000348.jpg,"(767, 576)","(767, 576)"
ISIC_0009998.jpg,"(1024, 768)","(1024, 768)"
ISIC_0014846.jpg,"(6641, 4440)","(6641, 4440)"
ISIC_0014763.jpg,"(6642, 4421)","(6642, 4421)"
ISIC_0012789.jpg,"(3008, 2000)","(3008, 2000)"
ISIC_0014739.jpg,"(6688, 4439)","(6688, 4439)"
ISIC_0009919.jpg,"(1024, 768)","(1024, 768)"
ISIC_0011348.jpg,"(1024, 768)","(1024, 768)"
ISIC_0001140.jpg,"(1936, 1936)","(1936, 1936)"
ISIC_0014726.jpg,"(6641, 4440)","(6641, 4440)"
ISIC_0012982.jpg,"(3872, 2592)","(3872, 2592)"
ISIC_0012107.jpg,"(3008, 2000)","(3008, 2000)"
ISIC_0012224.jpg,"(4288, 2848)","(4288, 2848)"
ISIC_0014908.jpg,"(6688, 4439)","(6688, 4439)"
ISIC_0011146.jpg,"(1024, 768)","(1024, 768)"
ISIC_0012348.jpg,"(3008, 2000)","(3008, 2000)"
ISIC_0010247.jpg,"(1024, 768)","(1024, 768)"
ISIC_0012773.jpg,"(3008, 2000)","(3008, 2000)"
ISIC_0000319.jpg,"(767, 576)","(767, 576)"
ISIC_0012230.jpg,"(4288, 2848)","(4288, 2848)"
ISIC_0012442.jpg,"(3008, 2000)","(3008, 2000)"
ISIC_0012406.jpg,"(4288, 2848)","(4288, 2848)"
ISIC_0010003.jpg,"(1024, 768)","(1024, 768)"
ISIC_0011158.jpg,"(1024, 768)","(1024, 768)"
ISIC_0015182.jpg,"(6628, 4419)","(6628, 4419)"
ISIC_0008600.jpg,"(3024, 2016)","(3024, 2016)"
ISIC_0011164.jpg,"(1024, 768)","(1024, 768)"
ISIC_0010467.jpg,"(1024, 768)","(1024, 768)"
ISIC_0014081.jpg,"(4288, 2848)","(4288, 2848)"
ISIC_0013610.jpg,"(3008, 2000)","(3008, 2000)"
ISIC_0013205.jpg,"(3008, 2000)","(3008, 2000)"
ISIC_0010552.jpg,"(1024, 768)","(1024, 768)"
ISIC_0012094.jpg,"(3008, 2000)","(3008, 2000)"
ISIC_0012851.jpg,"(3008, 2000)","(3008, 2000)"
ISIC_0014581.jpg,"(2592, 1936)","(2592, 1936)"
ISIC_0011322.jpg,"(1024, 768)","(1024, 768)"
ISIC_0000364.jpg,"(767, 576)","(767, 576)"
ISIC_0012391.jpg,"(3008, 2000)","(3008, 2000)"
ISIC_0013806.jpg,"(4288, 2848)","(4288, 2848)"
ISIC_0000503.jpg,"(919, 802)","(919, 802)"
ISIC_0014650.jpg,"(2592, 1936)","(2592, 1936)"
ISIC_0014769.jpg,"(6642, 4422)","(6642, 4422)"
ISIC_0000366.jpg,"(767, 576)","(767, 576)"
ISIC_0014576.jpg,"(2592, 1936)","(2592, 1936)"
ISIC_0011112.jpg,"(1024, 768)","(1024, 768)"
ISIC_0014026.jpg,"(4288, 2848)","(4288, 2848)"
ISIC_0011097.jpg,"(1024, 768)","(1024, 768)"
ISIC_0000035.jpg,"(1504, 1129)","(1504, 1129)"
ISIC_0000431.jpg,"(3072, 2304)","(3072, 2304)"
ISIC_0009973.jpg,"(1024, 768)","(1024, 768)"
ISIC_0011300.jpg,"(1024, 768)","(1024, 768)"
ISIC_0000124.jpg,"(2048, 1536)","(2048, 1536)"
ISIC_0002453.jpg,"(3024, 2016)","(3024, 2016)"
ISIC_0014066.jpg,"(4288, 2848)","(4288, 2848)"
ISIC_0013200.jpg,"(3008, 2000)","(3008, 2000)"
ISIC_0000259.jpg,"(1024, 768)","(1024, 768)"
ISIC_0012770.jpg,"(3008, 2000)","(3008, 2000)"
ISIC_0014545.jpg,"(4288, 2848)","(4288, 2848)"
ISIC_0008552.jpg,"(4288, 2848)","(4288, 2848)"
ISIC_0000109.jpg,"(2048, 1536)","(2048, 1536)"
ISIC_0012880.jpg,"(3008, 2000)","(3008, 2000)"
ISIC_0000300.jpg,"(767, 576)","(767, 576)"
ISIC_0012944.jpg,"(3872, 2592)","(3872, 2592)"
ISIC_0011137.jpg,"(1024, 768)","(1024, 768)"
ISIC_0014848.jpg,"(6628, 4419)","(6628, 4419)"
ISIC_0000415.jpg,"(3072, 2304)","(3072, 2304)"
ISIC_0014527.jpg,"(4288, 2848)","(4288, 2848)"
ISIC_0011398.jpg,"(1024, 768)","(1024, 768)"
ISIC_0012214.jpg,"(3008, 2000)","(3008, 2000)"
ISIC_0013155.jpg,"(3008, 2000)","(3008, 2000)"
ISIC_0009931.jpg,"(1024, 768)","(1024, 768)"
ISIC_0013174.jpg,"(3008, 2000)","(3008, 2000)"
ISIC_0000397.jpg,"(3072, 2304)","(3072, 2304)"
ISIC_0000221.jpg,"(962, 671)","(962, 671)"
ISIC_0014722.jpg,"(6602, 4402)","(6602, 4402)"
ISIC_0000436.jpg,"(3072, 2304)","(3072, 2304)"
ISIC_0000128.jpg,"(2048, 1536)","(2048, 1536)"
ISIC_0010201.jpg,"(1024, 768)","(1024, 768)"
ISIC_0012699.jpg,"(3008, 2000)","(3008, 2000)"
ISIC_0000190.jpg,"(722, 543)","(722, 543)"
ISIC_0012810.jpg,"(3872, 2592)","(3872, 2592)"
ISIC_0000118.jpg,"(2048, 1536)","(2048, 1536)"
ISIC_0001102.jpg,"(3072, 2304)","(3072, 2304)"
ISIC_0010854.jpg,"(1024, 768)","(1024, 768)"
ISIC_0000104.jpg,"(2048, 1536)","(2048, 1536)"
ISIC_0012175.jpg,"(3008, 2000)","(3008, 2000)"
ISIC_0015110.jpg,"(6681, 4401)","(6681, 4401)"
ISIC_0012675.jpg,"(3008, 2000)","(3008, 2000)"
ISIC_0013409.jpg,"(4288, 2848)","(4288, 2848)"
ISIC_0014890.jpg,"(6715, 4457)","(6715, 4457)"
ISIC_0000077.jpg,"(1504, 1129)","(1504, 1129)"
ISIC_0013288.jpg,"(4288, 2848)","(4288, 2848)"
ISIC_0000246.jpg,"(1024, 768)","(1024, 768)"
ISIC_0000476.jpg,"(919, 802)","(919, 802)"
ISIC_0000532.jpg,"(919, 802)","(919, 802)"
ISIC_0010088.jpg,"(1024, 768)","(1024, 768)"
ISIC_0000551.jpg,"(838, 614)","(838, 614)"
ISIC_0007475.jpg,"(3024, 2016)","(3024, 2016)"
ISIC_0010863.jpg,"(1024, 768)","(1024, 768)"
ISIC_0011090.jpg,"(1024, 768)","(1024, 768)"
ISIC_0010585.jpg,"(1024, 768)","(1024, 768)"
ISIC_0013094.jpg,"(3008, 2000)","(3008, 2000)"
ISIC_0010575.jpg,"(1024, 768)","(1024, 768)"
ISIC_0013981.jpg,"(4288, 2848)","(4288, 2848)"
ISIC_0000016.jpg,"(1022, 767)","(1022, 767)"
ISIC_0012676.jpg,"(3008, 2000)","(3008, 2000)"
ISIC_0000275.jpg,"(1024, 768)","(1024, 768)"
ISIC_0000063.jpg,"(1504, 1129)","(1504, 1129)"
ISIC_0012475.jpg,"(4288, 2848)","(4288, 2848)"
ISIC_0014511.jpg,"(4288, 2848)","(4288, 2848)"
ISIC_0009930.jpg,"(1024, 768)","(1024, 768)"
ISIC_0014248.jpg,"(4288, 2848)","(4288, 2848)"
ISIC_0000161.jpg,"(962, 674)","(962, 674)"
ISIC_0012164.jpg,"(3008, 2000)","(3008, 2000)"
ISIC_0009160.jpg,"(3024, 2016)","(3024, 2016)"
ISIC_0012284.jpg,"(3008, 2000)","(3008, 2000)"
ISIC_0014791.jpg,"(6641, 4441)","(6641, 4441)"
ISIC_0013346.jpg,"(4288, 2848)","(4288, 2848)"
ISIC_0000006.jpg,"(1022, 767)","(1022, 767)"
ISIC_0000493.jpg,"(919, 802)","(919, 802)"
ISIC_0012871.jpg,"(3872, 2592)","(3872, 2592)"
ISIC_0000113.jpg,"(2816, 2112)","(2816, 2112)"
ISIC_0000026.jpg,"(1504, 1129)","(1504, 1129)"
ISIC_0010020.jpg,"(1024, 768)","(1024, 768)"
ISIC_0000358.jpg,"(767, 576)","(767, 576)"
ISIC_0013071.jpg,"(3872, 2592)","(3872, 2592)"
ISIC_0011362.jpg,"(1024, 768)","(1024, 768)"
ISIC_0011082.jpg,"(1024, 768)","(1024, 768)"
ISIC_0011215.jpg,"(1024, 768)","(1024, 768)"
ISIC_0000456.jpg,"(3072, 2304)","(3072, 2304)"
ISIC_0010032.jpg,"(1024, 768)","(1024, 768)"
ISIC_0010334.jpg,"(1024, 768)","(1024, 768)"
ISIC_0011089.jpg,"(1024, 768)","(1024, 768)"
ISIC_0000433.jpg,"(3072, 2304)","(3072, 2304)"
ISIC_0009533.jpg,"(4288, 2848)","(4288, 2848)"
ISIC_0000528.jpg,"(1008, 711)","(1008, 711)"
ISIC_0008403.jpg,"(3024, 2016)","(3024, 2016)"
ISIC_0015200.jpg,"(6661, 4422)","(6661, 4422)"
ISIC_0000244.jpg,"(1024, 768)","(1024, 768)"
ISIC_0013177.jpg,"(3008, 2000)","(3008, 2000)"
ISIC_0000182.jpg,"(1502, 1051)","(1502, 1051)"
ISIC_0011207.jpg,"(1024, 768)","(1024, 768)"
ISIC_0014174.jpg,"(4288, 2848)","(4288, 2848)"
ISIC_0012102.jpg,"(3008, 2000)","(3008, 2000)"
ISIC_0013927.jpg,"(4288, 2848)","(4288, 2848)"
ISIC_0013961.jpg,"(4288, 2848)","(4288, 2848)"
ISIC_0012655.jpg,"(2304, 1536)","(2304, 1536)"
ISIC_0014253.jpg,"(4288, 2848)","(4288, 2848)"
ISIC_0003346.jpg,"(4288, 2848)","(4288, 2848)"
ISIC_0014654.jpg,"(2592, 1936)","(2592, 1936)"
ISIC_0010241.jpg,"(1024, 768)","(1024, 768)"
ISIC_0014920.jpg,"(6668, 4439)","(6668, 4439)"
ISIC_0013526.jpg,"(3008, 2000)","(3008, 2000)"
ISIC_0013190.jpg,"(3872, 2592)","(3872, 2592)"
ISIC_0013243.jpg,"(3872, 2592)","(3872, 2592)"
ISIC_0012657.jpg,"(2304, 1536)","(2304, 1536)"
ISIC_0011135.jpg,"(1024, 768)","(1024, 768)"
ISIC_0011384.jpg,"(1024, 768)","(1024, 768)"
ISIC_0012237.jpg,"(4288, 2848)","(4288, 2848)"
ISIC_0000162.jpg,"(964, 640)","(964, 640)"
ISIC_0013037.jpg,"(3872, 2592)","(3872, 2592)"
ISIC_0012450.jpg,"(4288, 2848)","(4288, 2848)"
ISIC_0014504.jpg,"(4288, 2848)","(4288, 2848)"
ISIC_0008347.jpg,"(4288, 2848)","(4288, 2848)"
ISIC_0011169.jpg,"(1024, 768)","(1024, 768)"
ISIC_0014431.jpg,"(4288, 2848)","(4288, 2848)"
ISIC_0000003.jpg,"(1022, 767)","(1022, 767)"
ISIC_0013672.jpg,"(4288, 2848)","(4288, 2848)"
ISIC_0011292.jpg,"(1024, 768)","(1024, 768)"
ISIC_0014422.jpg,"(4288, 2848)","(4288, 2848)"
ISIC_0014476.jpg,"(4288, 2848)","(4288, 2848)"
ISIC_0014770.jpg,"(6682, 4382)","(6682, 4382)"
ISIC_0014238.jpg,"(4288, 2848)","(4288, 2848)"
ISIC_0014032.jpg,"(4288, 2848)","(4288, 2848)"
ISIC_0012257.jpg,"(4288, 2848)","(4288, 2848)"
ISIC_0000495.jpg,"(919, 802)","(919, 802)"
ISIC_0012173.jpg,"(3008, 2000)","(3008, 2000)"
ISIC_0013568.jpg,"(3008, 2000)","(3008, 2000)"
ISIC_0011363.jpg,"(1024, 768)","(1024, 768)"
ISIC_0010249.jpg,"(1024, 768)","(1024, 768)"
ISIC_0013335.jpg,"(4288, 2848)","(4288, 2848)"
ISIC_0014346.jpg,"(4288, 2848)","(4288, 2848)"
ISIC_0010570.jpg,"(1024, 768)","(1024, 768)"
ISIC_0010019.jpg,"(1024, 768)","(1024, 768)"
ISIC_0000482.jpg,"(919, 802)","(919, 802)"
ISIC_0010480.jpg,"(1024, 768)","(1024, 768)"
ISIC_0010606.jpg,"(1024, 768)","(1024, 768)"
ISIC_0011136.jpg,"(1024, 768)","(1024, 768)"
ISIC_0014529.jpg,"(4288, 2848)","(4288, 2848)"
ISIC_0002374.jpg,"(3024, 2016)","(3024, 2016)"
ISIC_0012217.jpg,"(3008, 2000)","(3008, 2000)"
ISIC_0000442.jpg,"(3072, 2304)","(3072, 2304)"
ISIC_0015153.jpg,"(6601, 4401)","(6601, 4401)"
ISIC_0013800.jpg,"(3008, 2000)","(3008, 2000)"
ISIC_0009987.jpg,"(1024, 768)","(1024, 768)"
ISIC_0000098.jpg,"(2048, 1536)","(2048, 1536)"
ISIC_0011367.jpg,"(1024, 768)","(1024, 768)"
ISIC_0010568.jpg,"(1024, 768)","(1024, 768)"
ISIC_0013364.jpg,"(4288, 2848)","(4288, 2848)"
ISIC_0000205.jpg,"(1502, 1026)","(1502, 1026)"
ISIC_0013572.jpg,"(4288, 2848)","(4288, 2848)"
ISIC_0013461.jpg,"(4288, 2848)","(4288, 2848)"
ISIC_0007557.jpg,"(3024, 2016)","(3024, 2016)"
ISIC_0008116.jpg,"(3024, 2016)","(3024, 2016)"
ISIC_0000157.jpg,"(963, 629)","(963, 629)"
ISIC_0013797.jpg,"(3872, 2592)","(3872, 2592)"
ISIC_0013184.jpg,"(3872, 2592)","(3872, 2592)"
ISIC_0000121.jpg,"(2048, 1536)","(2048, 1536)"
ISIC_0013778.jpg,"(4288, 2848)","(4288, 2848)"
ISIC_0012884.jpg,"(3008, 2000)","(3008, 2000)"
ISIC_0000254.jpg,"(1024, 768)","(1024, 768)"
ISIC_0014372.jpg,"(4288, 2848)","(4288, 2848)"
ISIC_0013040.jpg,"(3008, 2000)","(3008, 2000)"
ISIC_0013625.jpg,"(4288, 2848)","(4288, 2848)"
ISIC_0015219.jpg,"(6640, 4441)","(6640, 4441)"
ISIC_0000061.jpg,"(1504, 1129)","(1504, 1129)"
ISIC_0010850.jpg,"(1024, 768)","(1024, 768)"
ISIC_0013213.jpg,"(3008, 2000)","(3008, 2000)"
ISIC_0013079.jpg,"(3008, 2000)","(3008, 2000)"
ISIC_0010463.jpg,"(1024, 768)","(1024, 768)"
ISIC_0012952.jpg,"(3008, 2000)","(3008, 2000)"
ISIC_0000365.jpg,"(767, 576)","(767, 576)"
ISIC_0000475.jpg,"(919, 802)","(919, 802)"
ISIC_0012987.jpg,"(3872, 2592)","(3872, 2592)"
ISIC_0010448.jpg,"(1024, 768)","(1024, 768)"
ISIC_0000255.jpg,"(1024, 768)","(1024, 768)"
ISIC_0012374.jpg,"(3008, 2000)","(3008, 2000)"
ISIC_0014696.jpg,"(6648, 4459)","(6648, 4459)"
ISIC_0010358.jpg,"(1024, 768)","(1024, 768)"
ISIC_0000345.jpg,"(767, 576)","(767, 576)"
ISIC_0012704.jpg,"(3008, 2000)","(3008, 2000)"
ISIC_0014004.jpg,"(3008, 2000)","(3008, 2000)"
ISIC_0000511.jpg,"(919, 802)","(919, 802)"
ISIC_0000403.jpg,"(3072, 2304)","(3072, 2304)"
ISIC_0000240.jpg,"(1024, 768)","(1024, 768)"
ISIC_0002780.jpg,"(4288, 2848)","(4288, 2848)"
ISIC_0014099.jpg,"(4288, 2848)","(4288, 2848)"
ISIC_0010481.jpg,"(1024, 768)","(1024, 768)"
ISIC_0013329.jpg,"(4288, 2848)","(4288, 2848)"
ISIC_0009188.jpg,"(4288, 2848)","(4288, 2848)"
ISIC_0010264.jpg,"(1024, 768)","(1024, 768)"
ISIC_0000515.jpg,"(919, 802)","(919, 802)"
ISIC_0011177.jpg,"(1024, 768)","(1024, 768)"
ISIC_0000520.jpg,"(3072, 2304)","(3072, 2304)"
ISIC_0000258.jpg,"(1024, 768)","(1024, 768)"
ISIC_0013244.jpg,"(3008, 2000)","(3008, 2000)"
ISIC_0000116.jpg,"(2048, 1536)","(2048, 1536)"
ISIC_0000523.jpg,"(919, 802)","(919, 802)"
ISIC_0009564.jpg,"(4288, 2848)","(4288, 2848)"
ISIC_0014535.jpg,"(4288, 2848)","(4288, 2848)"
ISIC_0011145.jpg,"(1024, 768)","(1024, 768)"
ISIC_0014638.jpg,"(2592, 1936)","(2592, 1936)"
ISIC_0010599.jpg,"(1024, 768)","(1024, 768)"
ISIC_0012679.jpg,"(3008, 2000)","(3008, 2000)"
ISIC_0012453.jpg,"(4288, 2848)","(4288, 2848)"
ISIC_0010365.jpg,"(1024, 768)","(1024, 768)"
ISIC_0000324.jpg,"(767, 576)","(767, 576)"
ISIC_0002806.jpg,"(4288, 2848)","(4288, 2848)"
ISIC_0009877.jpg,"(1024, 768)","(1024, 768)"
ISIC_0013490.jpg,"(3008, 2000)","(3008, 2000)"
ISIC_0009963.jpg,"(1024, 768)","(1024, 768)"
ISIC_0013933.jpg,"(4288, 2848)","(4288, 2848)"
ISIC_0008236.jpg,"(4288, 2848)","(4288, 2848)"
ISIC_0012940.jpg,"(3872, 2592)","(3872, 2592)"
ISIC_0013896.jpg,"(4288, 2848)","(4288, 2848)"
ISIC_0014708.jpg,"(6622, 4421)","(6622, 4421)"
ISIC_0009885.jpg,"(1024, 768)","(1024, 768)"
ISIC_0013799.jpg,"(3008, 2000)","(3008, 2000)"
ISIC_0011218.jpg,"(1024, 768)","(1024, 768)"
ISIC_0000469.jpg,"(919, 802)","(919, 802)"
ISIC_0013921.jpg,"(3872, 2592)","(3872, 2592)"
ISIC_0012155.jpg,"(3008, 2000)","(3008, 2000)"
ISIC_0013430.jpg,"(4288, 2848)","(4288, 2848)"
ISIC_0010333.jpg,"(1024, 768)","(1024, 768)"
ISIC_0000075.jpg,"(1022, 767)","(1022, 767)"
ISIC_0011205.jpg,"(1024, 768)","(1024, 768)"
ISIC_0012907.jpg,"(3872, 2592)","(3872, 2592)"
ISIC_0010055.jpg,"(1024, 768)","(1024, 768)"
ISIC_0009896.jpg,"(1024, 768)","(1024, 768)"
ISIC_0012854.jpg,"(3008, 2000)","(3008, 2000)"
ISIC_0009344.jpg,"(4288, 2848)","(4288, 2848)"
ISIC_0012526.jpg,"(4288, 2848)","(4288, 2848)"
ISIC_0012986.jpg,"(3872, 2592)","(3872, 2592)"
ISIC_0000393.jpg,"(3072, 2304)","(3072, 2304)"
ISIC_0012360.jpg,"(3008, 2000)","(3008, 2000)"
ISIC_0000383.jpg,"(2117, 1988)","(2117, 1988)"
ISIC_0013227.jpg,"(3872, 2592)","(3872, 2592)"
ISIC_0010060.jpg,"(1024, 768)","(1024, 768)"
ISIC_0000555.jpg,"(833, 680)","(833, 680)"
ISIC_0012227.jpg,"(4288, 2848)","(4288, 2848)"
ISIC_0013015.jpg,"(3008, 2000)","(3008, 2000)"
ISIC_0000480.jpg,"(919, 802)","(919, 802)"
ISIC_0000363.jpg,"(767, 576)","(767, 576)"
ISIC_0000407.jpg,"(3072, 2304)","(3072, 2304)"
ISIC_0002879.jpg,"(3024, 2016)","(3024, 2016)"
ISIC_0012363.jpg,"(4288, 2848)","(4288, 2848)"
ISIC_0014453.jpg,"(4288, 2848)","(4288, 2848)"
ISIC_0012203.jpg,"(3008, 2000)","(3008, 2000)"
ISIC_0000213.jpg,"(718, 542)","(718, 542)"
ISIC_0000059.jpg,"(1504, 1129)","(1504, 1129)"
ISIC_0012772.jpg,"(3872, 2592)","(3872, 2592)"
ISIC_0012962.jpg,"(3008, 2000)","(3008, 2000)"
ISIC_0000466.jpg,"(919, 802)","(919, 802)"
ISIC_0012826.jpg,"(3872, 2592)","(3872, 2592)"
ISIC_0000410.jpg,"(2313, 1985)","(2313, 1985)"
ISIC_0010492.jpg,"(1024, 768)","(1024, 768)"
ISIC_0010367.jpg,"(1024, 768)","(1024, 768)"
ISIC_0009881.jpg,"(1024, 768)","(1024, 768)"
ISIC_0010586.jpg,"(1024, 768)","(1024, 768)"
ISIC_0011098.jpg,"(1024, 768)","(1024, 768)"
ISIC_0000086.jpg,"(2592, 1944)","(2592, 1944)"
ISIC_0000313.jpg,"(767, 576)","(767, 576)"
ISIC_0009911.jpg,"(1024, 768)","(1024, 768)"
ISIC_0009961.jpg,"(1024, 768)","(1024, 768)"
ISIC_0009905.jpg,"(1024, 768)","(1024, 768)"
ISIC_0014092.jpg,"(4288, 2848)","(4288, 2848)"
ISIC_0000141.jpg,"(2048, 1536)","(2048, 1536)"
ISIC_0013432.jpg,"(4288, 2848)","(4288, 2848)"
ISIC_0014933.jpg,"(6688, 4399)","(6688, 4399)"
ISIC_0000239.jpg,"(1024, 768)","(1024, 768)"
ISIC_0014593.jpg,"(2592, 1936)","(2592, 1936)"
ISIC_0014699.jpg,"(6581, 4402)","(6581, 4402)"
ISIC_0000297.jpg,"(767, 576)","(767, 576)"
ISIC_0010852.jpg,"(1024, 768)","(1024, 768)"
ISIC_0000002.jpg,"(1022, 767)","(1022, 767)"
ISIC_0000382.jpg,"(2314, 2067)","(2314, 2067)"
ISIC_0013027.jpg,"(3872, 2592)","(3872, 2592)"
ISIC_0010036.jpg,"(1024, 768)","(1024, 768)"
ISIC_0012879.jpg,"(3008, 2000)","(3008, 2000)"
ISIC_0010185.jpg,"(1024, 768)","(1024, 768)"
ISIC_0011204.jpg,"(1024, 768)","(1024, 768)"
ISIC_0013487.jpg,"(2304, 1536)","(2304, 1536)"
ISIC_0001142.jpg,"(3072, 2304)","(3072, 2304)"
ISIC_0000278.jpg,"(1024, 768)","(1024, 768)"
ISIC_0014925.jpg,"(6708, 4439)","(6708, 4439)"
ISIC_0012378.jpg,"(3008, 2000)","(3008, 2000)"
ISIC_0012740.jpg,"(3008, 2000)","(3008, 2000)"
ISIC_0014951.jpg,"(6687, 4439)","(6687, 4439)"
ISIC_0010087.jpg,"(1024, 768)","(1024, 768)"
ISIC_0010587.jpg,"(1024, 768)","(1024, 768)"
ISIC_0010178.jpg,"(1024, 768)","(1024, 768)"
ISIC_0014410.jpg,"(4288, 2848)","(4288, 2848)"
ISIC_0000331.jpg,"(767, 576)","(767, 576)"
ISIC_0014264.jpg,"(4288, 2848)","(4288, 2848)"
ISIC_0014325.jpg,"(4288, 2848)","(4288, 2848)"
ISIC_0012415.jpg,"(3008, 2000)","(3008, 2000)"
ISIC_0012663.jpg,"(3008, 2000)","(3008, 2000)"
ISIC_0013865.jpg,"(4288, 2848)","(4288, 2848)"
ISIC_0000392.jpg,"(3072, 2304)","(3072, 2304)"
ISIC_0000323.jpg,"(767, 576)","(767, 576)"
ISIC_0010483.jpg,"(1024, 768)","(1024, 768)"
ISIC_0011317.jpg,"(1024, 768)","(1024, 768)"
ISIC_0000379.jpg,"(3072, 2304)","(3072, 2304)"
ISIC_0014657.jpg,"(6602, 4361)","(6602, 4361)"
ISIC_0013808.jpg,"(4288, 2848)","(4288, 2848)"
ISIC_0000500.jpg,"(919, 802)","(919, 802)"
ISIC_0000479.jpg,"(919, 802)","(919, 802)"
ISIC_0000201.jpg,"(1043, 705)","(1043, 705)"
ISIC_0004985.jpg,"(4288, 2848)","(4288, 2848)"
ISIC_0010856.jpg,"(1024, 768)","(1024, 768)"
ISIC_0010192.jpg,"(1024, 768)","(1024, 768)"
ISIC_0012939.jpg,"(3872, 2592)","(3872, 2592)"
ISIC_0013306.jpg,"(4288, 2848)","(4288, 2848)"
ISIC_0000509.jpg,"(919, 802)","(919, 802)"
ISIC_0013671.jpg,"(4288, 2848)","(4288, 2848)"
ISIC_0000073.jpg,"(1022, 767)","(1022, 767)"
ISIC_0010477.jpg,"(1024, 768)","(1024, 768)"
ISIC_0010021.jpg,"(1024, 768)","(1024, 768)"
ISIC_0014013.jpg,"(3008, 2000)","(3008, 2000)"
ISIC_0014904.jpg,"(6668, 4439)","(6668, 4439)"
ISIC_0012961.jpg,"(3008, 2000)","(3008, 2000)"
ISIC_0013986.jpg,"(3008, 2000)","(3008, 2000)"
ISIC_0000381.jpg,"(2101, 1943)","(2101, 1943)"
ISIC_0012298.jpg,"(4288, 2848)","(4288, 2848)"
ISIC_0013425.jpg,"(4288, 2848)","(4288, 2848)"
ISIC_0010064.jpg,"(1024, 768)","(1024, 768)"
ISIC_0010368.jpg,"(1024, 768)","(1024, 768)"
ISIC_0012706.jpg,"(3008, 2000)","(3008, 2000)"
ISIC_0009969.jpg,"(1024, 768)","(1024, 768)"
ISIC_0010054.jpg,"(1024, 768)","(1024, 768)"
ISIC_0000253.jpg,"(576, 768)","(576, 768)"
ISIC_0013910.jpg,"(3008, 2000)","(3008, 2000)"
ISIC_0013114.jpg,"(3008, 2000)","(3008, 2000)"
ISIC_0009925.jpg,"(1024, 768)","(1024, 768)"
ISIC_0011349.jpg,"(1024, 768)","(1024, 768)"
ISIC_0000290.jpg,"(1024, 768)","(1024, 768)"
ISIC_0012710.jpg,"(3008, 2000)","(3008, 2000)"
ISIC_0000101.jpg,"(2272, 1704)","(2272, 1704)"
ISIC_0000269.jpg,"(576, 768)","(576, 768)"
ISIC_0013163.jpg,"(3008, 2000)","(3008, 2000)"
ISIC_0013193.jpg,"(3008, 2000)","(3008, 2000)"
ISIC_0013181.jpg,"(3008, 2000)","(3008, 2000)"
ISIC_0013310.jpg,"(4288, 2848)","(4288, 2848)"
ISIC_0012116.jpg,"(3008, 2000)","(3008, 2000)"
ISIC_0014754.jpg,"(6648, 4399)","(6648, 4399)"
ISIC_0013034.jpg,"(3008, 2000)","(3008, 2000)"
ISIC_0000490.jpg,"(919, 802)","(919, 802)"
ISIC_0014317.jpg,"(4288, 2848)","(4288, 2848)"
ISIC_0011101.jpg,"(1024, 768)","(1024, 768)"
ISIC_0013606.jpg,"(4288, 2848)","(4288, 2848)"
ISIC_0000540.jpg,"(824, 719)","(824, 719)"
ISIC_0000176.jpg,"(944, 1127)","(944, 1127)"
ISIC_0012259.jpg,"(4288, 2848)","(4288, 2848)"
ISIC_0011212.jpg,"(1024, 768)","(1024, 768)"
ISIC_0014598.jpg,"(2592, 1936)","(2592, 1936)"
ISIC_0014823.jpg,"(6622, 4441)","(6622, 4441)"
ISIC_0010222.jpg,"(1024, 768)","(1024, 768)"
ISIC_0013097.jpg,"(3008, 2000)","(3008, 2000)"
ISIC_0011328.jpg,"(1024, 768)","(1024, 768)"
ISIC_0002469.jpg,"(3024, 2016)","(3024, 2016)"
ISIC_0015038.jpg,"(6602, 4381)","(6602, 4381)"
ISIC_0000274.jpg,"(1024, 768)","(1024, 768)"
ISIC_0000081.jpg,"(2048, 1536)","(2048, 1536)"
ISIC_0010341.jpg,"(1024, 768)","(1024, 768)"
ISIC_0000031.jpg,"(1504, 1129)","(1504, 1129)"
ISIC_0014357.jpg,"(4288, 2848)","(4288, 2848)"
ISIC_0010213.jpg,"(1024, 768)","(1024, 768)"
ISIC_0011123.jpg,"(1024, 768)","(1024, 768)"
ISIC_0013140.jpg,"(3872, 2592)","(3872, 2592)"
ISIC_0000100.jpg,"(2272, 1704)","(2272, 1704)"
ISIC_0000103.jpg,"(2048, 1536)","(2048, 1536)"
ISIC_0013311.jpg,"(4288, 2848)","(4288, 2848)"
ISIC_0011344.jpg,"(1024, 768)","(1024, 768)"
ISIC_0012677.jpg,"(3008, 2000)","(3008, 2000)"
ISIC_0014076.jpg,"(4288, 2848)","(4288, 2848)"
ISIC_0012792.jpg,"(3008, 2000)","(3008, 2000)"
ISIC_0015189.jpg,"(6668, 4439)","(6668, 4439)"
ISIC_0014812.jpg,"(6642, 4422)","(6642, 4422)"
ISIC_0009914.jpg,"(1024, 768)","(1024, 768)"
ISIC_0000044.jpg,"(1504, 1129)","(1504, 1129)"
ISIC_0012998.jpg,"(1007, 704)","(1007, 704)"
ISIC_0000034.jpg,"(1504, 1129)","(1504, 1129)"
ISIC_0014667.jpg,"(6688, 4459)","(6688, 4459)"
ISIC_0000159.jpg,"(965, 724)","(965, 724)"
ISIC_0013208.jpg,"(3008, 2000)","(3008, 2000)"
ISIC_0015170.jpg,"(6688, 4439)","(6688, 4439)"
ISIC_0000021.jpg,"(1504, 1129)","(1504, 1129)"
ISIC_0008541.jpg,"(4288, 2848)","(4288, 2848)"
ISIC_0013390.jpg,"(4288, 2848)","(4288, 2848)"
ISIC_0014136.jpg,"(4288, 2848)","(4288, 2848)"
ISIC_0000447.jpg,"(2012, 1956)","(2012, 1956)"
ISIC_0009906.jpg,"(1024, 768)","(1024, 768)"
ISIC_0013918.jpg,"(3008, 2000)","(3008, 2000)"
ISIC_0013499.jpg,"(3872, 2592)","(3872, 2592)"
ISIC_0000372.jpg,"(767, 576)","(767, 576)"
ISIC_0001105.jpg,"(3072, 2304)","(3072, 2304)"
ISIC_0011210.jpg,"(1024, 768)","(1024, 768)"
ISIC_0000453.jpg,"(3072, 2304)","(3072, 2304)"
ISIC_0010015.jpg,"(1024, 768)","(1024, 768)"
ISIC_0010567.jpg,"(1024, 768)","(1024, 768)"
ISIC_0010864.jpg,"(1024, 768)","(1024, 768)"
ISIC_0013118.jpg,"(3008, 2000)","(3008, 2000)"
ISIC_0014855.jpg,"(6628, 4419)","(6628, 4419)"
ISIC_0014291.jpg,"(4288, 2848)","(4288, 2848)"
ISIC_0012672.jpg,"(3008, 2000)","(3008, 2000)"
ISIC_0014628.jpg,"(2592, 1936)","(2592, 1936)"
ISIC_0009871.jpg,"(1024, 768)","(1024, 768)"
ISIC_0000018.jpg,"(1504, 1129)","(1504, 1129)"
ISIC_0011397.jpg,"(1024, 768)","(1024, 768)"
ISIC_0014609.jpg,"(2592, 1936)","(2592, 1936)"
ISIC_0000483.jpg,"(919, 802)","(919, 802)"
ISIC_0013579.jpg,"(4288, 2848)","(4288, 2848)"
ISIC_0000343.jpg,"(767, 576)","(767, 576)"
ISIC_0014839.jpg,"(6622, 4441)","(6622, 4441)"
ISIC_0014547.jpg,"(4288, 2848)","(4288, 2848)"
ISIC_0014397.jpg,"(4288, 2848)","(4288, 2848)"
ISIC_0010853.jpg,"(1024, 768)","(1024, 768)"
ISIC_0000282.jpg,"(1024, 768)","(1024, 768)"
ISIC_0005787.jpg,"(3024, 2016)","(3024, 2016)"
ISIC_0011083.jpg,"(1024, 768)","(1024, 768)"
ISIC_0010244.jpg,"(1024, 768)","(1024, 768)"
ISIC_0013196.jpg,"(3008, 2000)","(3008, 2000)"
ISIC_0012268.jpg,"(4288, 2848)","(4288, 2848)"
ISIC_0013984.jpg,"(3008, 2000)","(3008, 2000)"
ISIC_0010371.jpg,"(1024, 768)","(1024, 768)"
ISIC_0000320.jpg,"(767, 576)","(767, 576)"
ISIC_0000507.jpg,"(1019, 717)","(1019, 717)"
ISIC_0012835.jpg,"(3008, 2000)","(3008, 2000)"
ISIC_0000416.jpg,"(3072, 2304)","(3072, 2304)"
ISIC_0000329.jpg,"(767, 576)","(767, 576)"
ISIC_0014592.jpg,"(2592, 1936)","(2592, 1936)"
ISIC_0014114.jpg,"(4288, 2848)","(4288, 2848)"
ISIC_0000283.jpg,"(1024, 768)","(1024, 768)"
ISIC_0012845.jpg,"(3008, 2000)","(3008, 2000)"
ISIC_0001131.jpg,"(3072, 2304)","(3072, 2304)"
ISIC_0010206.jpg,"(1024, 768)","(1024, 768)"
ISIC_0006940.jpg,"(4288, 2848)","(4288, 2848)"
ISIC_0013489.jpg,"(2304, 1536)","(2304, 1536)"
ISIC_0014897.jpg,"(6668, 4459)","(6668, 4459)"
ISIC_0000242.jpg,"(1024, 768)","(1024, 768)"
ISIC_0013530.jpg,"(3008, 2000)","(3008, 2000)"
ISIC_0013458.jpg,"(4288, 2848)","(4288, 2848)"
ISIC_0010077.jpg,"(1024, 768)","(1024, 768)"
ISIC_0011117.jpg,"(1024, 768)","(1024, 768)"
